4,28,100.0
8,28,100.0
16,28,100.0
32,28,100.0
64,28,100.0
128,29,100.0
256,35,100.0
512,46,100.0
1024,47,100.0
2048,49,100.0
4096,50,100.0
8192,99,98.2
16384,184,94.7
32768,210,85.4
65536,223,69.5
4,26,100.0
8,26,100.0
16,26,100.0
32,26,100.0
64,26,100.0
128,26,100.0
256,32,100.0
512,42,100.0
1024,49,100.0
2048,50,100.0
4096,50,99.8
8192,95,74.6
16384,181,20.7
32768,205,7.9
65536,218,3.2
4,26,100.0
8,28,100.0
16,28,100.0
32,28,100.0
64,28,100.0
128,28,100.0
256,35,100.0
512,45,100.0
1024,49,100.0
2048,48,100.0
4096,49,99.9
8192,92,76.0
16384,181,21.1
32768,205,7.9
65536,217,3.3
4,27,100.0
8,27,100.0
16,27,100.0
32,27,100.0
64,27,100.0
128,28,100.0
256,33,100.0
512,43,100.0
1024,45,100.0
2048,48,100.0
4096,49,99.7
8192,90,77.3
16384,182,20.8
32768,206,8.1
65536,219,3.3
4,27,100.0
8,27,100.0
16,27,100.0
32,27,100.0
64,27,100.0
128,27,100.0
256,33,100.0
512,44,100.0
1024,47,100.0
2048,50,100.0
4096,51,99.4
8192,94,75.8
16384,180,21.5
32768,206,7.9
65536,218,3.2
4,26,100.0
8,26,100.0
16,26,100.0
32,26,100.0
64,26,100.0
128,26,100.0
256,33,100.0
512,44,100.0
1024,48,100.0
2048,47,100.0
4096,49,99.5
8192,95,74.1
16384,182,20.9
32768,207,7.7
65536,220,3.1
4,26,100.0
8,28,100.0
16,28,100.0
32,28,100.0
64,28,100.0
128,28,100.0
256,34,100.0
512,45,100.0
1024,49,100.0
2048,48,100.0
4096,49,99.8
8192,89,78.9
16384,182,20.8
32768,206,7.7
65536,218,3.3
4,27,100.0
8,27,100.0
16,27,100.0
32,27,100.0
64,27,100.0
128,27,100.0
256,32,100.0
512,43,100.0
1024,46,100.0
2048,48,100.0
4096,49,99.9
8192,92,77.0
16384,184,21.0
32768,209,7.7
65536,222,3.1
4,26,100.0
8,26,100.0
16,26,100.0
32,27,100.0
64,27,100.0
128,28,100.0
256,32,100.0
512,43,100.0
1024,48,100.0
2048,48,100.0
4096,49,100.0
8192,101,71.1
16384,185,21.1
32768,210,7.9
65536,222,3.1
4,26,100.0
8,26,100.0
16,26,100.0
32,26,100.0
64,26,100.0
128,33,100.0
256,39,100.0
512,43,100.0
1024,47,100.0
2048,48,100.0
4096,50,99.6
8192,93,76.2
16384,181,20.8
32768,205,7.9
65536,218,3.2
4,27,100.0
8,27,100.0
16,27,100.0
32,27,100.0
64,27,100.0
128,27,100.0
256,34,100.0
512,44,100.0
1024,46,100.0
2048,49,100.0
4096,51,99.3
8192,95,75.0
16384,185,20.8
32768,209,7.6
65536,222,3.2
4,26,100.0
8,26,100.0
16,26,100.0
32,26,100.0
64,26,100.0
128,27,100.0
256,36,100.0
512,43,100.0
1024,47,100.0
2048,48,100.0
4096,50,99.5
8192,97,73.6
16384,183,20.5
32768,205,8.1
65536,218,3.2
4,27,100.0
8,27,100.0
16,27,100.0
32,27,100.0
64,27,100.0
128,27,100.0
256,33,100.0
512,43,100.0
1024,45,100.0
2048,49,100.0
4096,48,100.0
8192,91,76.5
16384,182,20.8
32768,207,7.8
65536,219,3.3
4,27,100.0
8,27,100.0
16,27,100.0
32,27,100.0
64,27,100.0
128,27,100.0
256,34,100.0
512,44,100.0
1024,48,100.0
2048,50,100.0
4096,51,99.4
8192,97,74.7
16384,185,20.7
32768,210,8.2
65536,224,3.2
4,27,100.0
8,27,100.0
16,27,100.0
32,27,100.0
64,27,100.0
128,29,100.0
256,33,100.0
512,42,100.0
1024,46,100.0
2048,47,100.0
4096,49,99.5
8192,97,73.3
16384,182,20.9
32768,207,7.8
65536,219,3.3
4,26,100.0
8,26,100.0
16,26,100.0
32,26,100.0
64,26,100.0
128,26,100.0
256,33,100.0
512,43,100.0
1024,47,100.0
2048,48,100.0
4096,49,100.0
8192,93,75.3
16384,182,21.0
32768,207,7.3
65536,219,3.2
4,26,100.0
8,26,100.0
16,26,100.0
32,43,100.0
64,26,100.0
128,27,100.0
256,36,100.0
512,45,100.0
1024,50,100.0
2048,50,100.0
4096,51,99.5
8192,98,74.0
16384,185,21.6
32768,210,8.1
65536,223,3.2
4,26,100.0
8,26,100.0
16,26,100.0
32,26,100.0
64,26,100.0
128,30,100.0
256,34,100.0
512,44,100.0
1024,48,100.0
2048,49,100.0
4096,51,99.9
8192,93,77.2
16384,186,20.5
32768,211,7.7
65536,223,3.4
4,26,100.0
8,26,100.0
16,26,100.0
32,26,100.0
64,26,100.0
128,26,100.0
256,34,100.0
512,45,100.0
1024,50,100.0
2048,50,100.0
4096,51,99.8
8192,96,74.5
16384,182,21.2
32768,205,7.8
65536,218,3.3
4,26,100.0
8,27,100.0
16,27,100.0
32,27,100.0
64,27,100.0
128,27,100.0
256,33,100.0
512,43,100.0
1024,47,100.0
2048,47,100.0
4096,48,100.0
8192,89,77.9
16384,182,21.1
32768,206,8.1
65536,218,3.3
4,26,100.0
8,26,100.0
16,26,100.0
32,26,100.0
64,28,100.0
128,28,100.0
256,36,100.0
512,45,100.0
1024,49,100.0
2048,49,100.0
4096,51,99.6
8192,98,72.4
16384,182,20.6
32768,205,7.9
65536,217,3.3
4,26,100.0
8,28,100.0
16,28,100.0
32,28,100.0
64,28,100.0
128,28,100.0
256,33,100.0
512,45,100.0
1024,49,100.0
2048,48,100.0
4096,49,100.0
8192,94,75.4
16384,182,20.6
32768,205,8.0
65536,218,3.2
4,26,100.0
8,26,100.0
16,26,100.0
32,26,100.0
64,26,100.0
128,26,100.0
256,32,100.0
512,46,100.0
1024,50,100.0
2048,49,100.0
4096,50,100.0
8192,92,77.7
16384,186,20.5
32768,210,7.7
65536,222,3.2
4,27,100.0
8,27,100.0
16,27,100.0
32,27,100.0
64,27,100.0
128,27,100.0
256,36,100.0
512,44,100.0
1024,47,100.0
2048,48,100.0
4096,49,99.9
8192,91,77.4
16384,185,21.1
32768,209,7.9
65536,221,3.3
4,26,100.0
8,27,100.0
16,27,100.0
32,31,100.0
64,27,100.0
128,27,100.0
256,32,100.0
512,43,100.0
1024,46,100.0
2048,47,100.0
4096,49,99.5
8192,96,74.0
16384,182,20.8
32768,208,7.5
65536,218,3.2
4,26,100.0
8,26,100.0
16,26,100.0
32,26,100.0
64,26,100.0
128,27,100.0
256,32,100.0
512,43,100.0
1024,47,100.0
2048,48,100.0
4096,49,99.9
8192,91,77.6
16384,185,20.5
32768,210,7.8
65536,222,3.4
4,27,100.0
8,27,100.0
16,27,100.0
32,27,100.0
64,27,100.0
128,28,100.0
256,35,100.0
512,42,100.0
1024,45,100.0
2048,47,100.0
4096,49,99.6
8192,119,61.0
16384,185,19.7
32768,205,8.3
65536,219,3.1
4,26,100.0
8,28,100.0
16,28,100.0
32,28,100.0
64,28,100.0
128,28,100.0
256,33,100.0
512,45,100.0
1024,50,100.0
2048,49,100.0
4096,51,99.3
8192,87,80.2
16384,182,20.6
32768,205,7.9
65536,218,3.2
4,27,100.0
8,27,100.0
16,27,100.0
32,27,100.0
64,27,100.0
128,27,100.0
256,32,100.0
512,43,100.0
1024,47,100.0
2048,48,100.0
4096,49,100.0
8192,85,80.9
16384,183,20.6
32768,205,8.0
65536,218,3.3
4,26,100.0
8,27,100.0
16,26,100.0
32,26,100.0
64,28,100.0
128,28,100.0
256,33,100.0
512,44,100.0
1024,48,100.0
2048,47,100.0
4096,49,100.0
8192,87,79.2
16384,182,20.9
32768,206,7.9
65536,219,3.2
4,28,100.0
8,28,100.0
16,28,100.0
32,28,100.0
64,28,100.0
128,28,100.0
256,36,100.0
512,46,100.0
1024,47,100.0
2048,49,100.0
4096,50,99.8
8192,92,77.1
16384,183,20.3
32768,205,7.8
65536,218,3.3
4,26,100.0
8,26,100.0
16,26,100.0
32,26,100.0
64,26,100.0
128,26,100.0
256,34,100.0
512,44,100.0
1024,48,100.0
2048,50,100.0
4096,50,99.9
8192,89,79.6
16384,187,20.4
32768,209,8.1
65536,223,3.0
4,27,100.0
8,27,100.0
16,27,100.0
32,27,100.0
64,27,100.0
128,27,100.0
256,35,100.0
512,44,100.0
1024,46,100.0
2048,48,100.0
4096,49,99.9
8192,94,74.9
16384,187,19.1
32768,206,8.1
65536,218,3.1
4,26,100.0
8,26,100.0
16,26,100.0
32,27,100.0
64,27,100.0
128,28,100.0
256,31,100.0
512,43,100.0
1024,48,100.0
2048,48,100.0
4096,49,100.0
8192,94,74.8
16384,181,21.0
32768,205,8.1
65536,220,2.9
4,26,100.0
8,26,100.0
16,26,100.0
32,27,100.0
64,29,100.0
128,28,100.0
256,34,100.0
512,43,100.0
1024,48,100.0
2048,48,100.0
4096,50,99.5
8192,97,73.4
16384,181,20.9
32768,206,8.3
65536,218,3.3
4,27,100.0
8,27,100.0
16,27,100.0
32,27,100.0
64,27,100.0
128,27,100.0
256,36,100.0
512,44,100.0
1024,49,100.0
2048,51,100.0
4096,51,99.3
8192,96,74.6
16384,181,20.9
32768,206,7.8
65536,219,3.2
4,26,100.0
8,26,100.0
16,26,100.0
32,26,100.0
64,26,100.0
128,26,100.0
256,34,100.0
512,46,100.0
1024,50,100.0
2048,49,100.0
4096,52,99.3
8192,98,72.9
16384,181,21.1
32768,206,7.7
65536,218,3.2
4,28,100.0
8,28,100.0
16,28,100.0
32,28,100.0
64,28,100.0
128,28,100.0
256,34,100.0
512,44,100.0
1024,45,100.0
2048,47,100.0
4096,48,99.8
8192,94,74.8
16384,183,20.5
32768,208,7.7
65536,219,3.3
4,27,100.0
8,27,100.0
16,27,100.0
32,27,100.0
64,27,100.0
128,27,100.0
256,32,100.0
512,43,100.0
1024,47,100.0
2048,47,100.0
4096,48,100.0
8192,95,73.9
16384,182,21.2
32768,207,8.0
65536,219,3.2
4,26,100.0
8,26,100.0
16,26,100.0
32,26,100.0
64,26,100.0
128,28,100.0
256,34,100.0
512,45,100.0
1024,50,100.0
2048,49,100.0
4096,51,99.9
8192,93,76.9
16384,186,20.9
32768,212,7.7
65536,224,3.2
4,26,100.0
8,26,100.0
16,26,100.0
32,26,100.0
64,28,100.0
128,31,100.0
256,34,100.0
512,44,100.0
1024,48,100.0
2048,48,100.0
4096,51,98.5
8192,90,77.1
16384,182,20.8
32768,206,8.0
65536,218,3.2
4,26,100.0
8,26,100.0
16,26,100.0
32,26,100.0
64,27,100.0
128,27,100.0
256,32,100.0
512,43,100.0
1024,47,100.0
2048,47,100.0
4096,49,99.7
8192,94,74.8
16384,181,21.8
32768,206,7.8
65536,219,3.1
4,28,100.0
8,28,100.0
16,28,100.0
32,28,100.0
64,28,100.0
128,28,100.0
256,37,100.0
512,44,100.0
1024,47,100.0
2048,48,100.0
4096,48,99.9
8192,88,78.1
16384,183,20.2
32768,207,7.5
65536,218,3.3
4,27,100.0
8,27,100.0
16,27,100.0
32,27,100.0
64,27,100.0
128,27,100.0
256,33,100.0
512,43,100.0
1024,47,100.0
2048,49,100.0
4096,48,99.8
8192,88,78.2
16384,183,20.7
32768,206,8.1
65536,220,3.1
4,28,100.0
8,28,100.0
16,28,100.0
32,28,100.0
64,28,100.0
128,32,100.0
256,36,100.0
512,44,100.0
1024,45,100.0
2048,47,100.0
4096,48,100.0
8192,87,79.2
16384,184,20.2
32768,208,7.8
65536,220,3.1
4,26,100.0
8,26,100.0
16,26,100.0
32,26,100.0
64,26,100.0
128,34,100.0
256,33,100.0
512,45,100.0
1024,49,100.0
2048,48,100.0
4096,50,99.9
8192,87,79.6
16384,182,20.5
32768,206,7.6
65536,218,3.3
4,27,100.0
8,27,100.0
16,27,100.0
32,27,100.0
64,27,100.0
128,27,100.0
256,34,100.0
512,43,100.0
1024,47,100.0
2048,48,100.0
4096,49,100.0
8192,93,75.9
16384,181,20.7
32768,205,7.7
65536,218,3.2
4,26,100.0
8,26,100.0
16,26,100.0
32,26,100.0
64,26,100.0
128,28,100.0
256,36,100.0
512,46,100.0
1024,50,100.0
2048,50,100.0
4096,50,99.9
8192,90,78.1
16384,181,20.9
32768,205,7.9
65536,218,3.3
4,28,100.0
8,42,99.8
16,28,100.0
32,28,100.0
64,28,100.0
128,28,100.0
256,34,100.0
512,45,100.0
1024,47,100.0
2048,48,100.0
4096,49,100.0
8192,100,71.7
16384,185,20.2
32768,209,7.6
65536,221,3.3
4,26,100.0
8,26,100.0
16,26,100.0
32,26,100.0
64,26,100.0
128,27,100.0
256,32,100.0
512,43,100.0
1024,47,100.0
2048,48,100.0
4096,48,100.0
8192,86,79.9
16384,183,20.5
32768,207,7.9
65536,219,3.2
4,28,100.0
8,28,100.0
16,28,100.0
32,28,100.0
64,28,100.0
128,29,100.0
256,38,100.0
512,44,100.0
1024,47,100.0
2048,49,100.0
4096,50,100.0
8192,102,99.4
16384,184,99.0
32768,208,98.9
65536,222,98.8
4,26,100.0
8,28,100.0
16,28,100.0
32,28,100.0
64,28,100.0
128,29,100.0
256,35,100.0
512,45,100.0
1024,49,100.0
2048,50,100.0
4096,51,100.0
8192,98,98.8
16384,186,96.2
32768,210,91.8
65536,222,86.3
4,27,100.0
8,27,100.0
16,27,100.0
32,27,100.0
64,27,100.0
128,27,100.0
256,32,100.0
512,43,100.0
1024,47,100.0
2048,48,100.0
4096,49,99.7
8192,98,75.3
16384,183,26.6
32768,207,11.5
65536,219,5.2
4,27,100.0
8,26,100.0
16,26,100.0
32,26,100.0
64,26,100.0
128,26,100.0
256,34,100.0
512,45,100.0
1024,49,100.0
2048,48,100.0
4096,53,99.9
8192,89,98.8
16384,181,96.0
32768,205,91.3
65536,217,81.2
4,26,100.0
8,26,100.0
16,33,99.9
32,26,100.0
64,27,100.0
128,27,100.0
256,34,100.0
512,44,100.0
1024,48,100.0
2048,47,100.0
4096,49,100.0
8192,90,99.3
16384,182,98.5
32768,206,98.2
65536,219,97.3
4,26,100.0
8,26,100.0
16,26,100.0
32,26,100.0
64,26,100.0
128,26,100.0
256,35,100.0
512,44,100.0
1024,48,100.0
2048,48,100.0
4096,48,100.0
8192,96,77.3
16384,182,28.5
32768,206,12.8
65536,218,5.9
4,26,100.0
8,26,100.0
16,26,100.0
32,26,100.0
64,26,100.0
128,26,100.0
256,33,100.0
512,45,100.0
1024,50,100.0
2048,50,100.0
4096,50,99.9
8192,100,72.9
16384,184,21.7
32768,210,7.9
65536,223,3.4
4,26,100.0
8,28,100.0
16,28,100.0
32,31,100.0
64,28,100.0
128,31,100.0
256,36,100.0
512,45,100.0
1024,49,100.0
2048,50,100.0
4096,50,99.7
8192,98,73.0
16384,184,21.0
32768,209,8.0
65536,221,3.3
4,26,100.0
8,26,100.0
16,26,100.0
32,26,100.0
64,26,100.0
128,27,100.0
256,34,100.0
512,44,100.0
1024,49,100.0
2048,49,100.0
4096,52,100.0
8192,96,96.5
16384,181,83.4
32768,205,70.6
65536,218,52.1
4,27,100.0
8,27,100.0
16,27,100.0
32,27,100.0
64,27,100.0
128,28,100.0
256,35,100.0
512,43,100.0
1024,48,100.0
2048,50,100.0
4096,50,99.8
8192,94,76.1
16384,185,22.0
32768,209,8.4
65536,221,3.6
4,27,100.0
8,27,100.0
16,27,100.0
32,30,100.0
64,27,100.0
128,29,100.0
256,32,100.0
512,43,100.0
1024,47,100.0
2048,47,100.0
4096,49,99.6
8192,96,79.3
16384,183,35.1
32768,206,17.6
65536,219,8.5
4,26,100.0
8,26,100.0
16,26,100.0
32,26,100.0
64,26,100.0
128,29,100.0
256,33,100.0
512,44,100.0
1024,48,100.0
2048,47,100.0
4096,49,99.5
8192,100,76.4
16384,182,32.3
32768,206,15.2
65536,219,7.0
4,26,100.0
8,26,100.0
16,26,100.0
32,28,100.0
64,28,100.0
128,32,100.0
256,35,100.0
512,45,100.0
1024,49,100.0
2048,50,100.0
4096,49,100.0
8192,89,98.7
16384,184,94.4
32768,208,85.9
65536,222,71.6
4,26,100.0
8,26,100.0
16,26,100.0
32,26,100.0
64,26,100.0
128,32,100.0
256,35,100.0
512,43,100.0
1024,48,100.0
2048,48,100.0
4096,50,99.6
8192,98,91.8
16384,182,69.6
32768,207,53.7
65536,219,37.7
4,28,100.0
8,28,100.0
16,28,100.0
32,28,100.0
64,28,100.0
128,28,100.0
256,36,100.0
512,45,100.0
1024,49,100.0
2048,49,100.0
4096,51,100.0
8192,100,99.0
16384,181,97.4
32768,204,95.3
65536,218,90.9
4,27,100.0
8,27,100.0
16,27,100.0
32,27,100.0
64,27,100.0
128,27,100.0
256,32,100.0
512,43,100.0
1024,45,100.0
2048,47,100.0
4096,50,99.2
8192,92,82.4
16384,183,46.9
32768,206,32.0
65536,219,21.2
4,28,100.0
8,28,100.0
16,28,100.0
32,28,100.0
64,28,100.0
128,28,100.0
256,35,100.0
512,44,100.0
1024,45,100.0
2048,47,100.0
4096,49,99.7
8192,94,75.7
16384,182,23.2
32768,206,9.3
65536,219,3.9
4,27,100.0
8,27,100.0
16,27,100.0
32,27,100.0
64,27,100.0
128,27,100.0
256,36,100.0
512,44,100.0
1024,48,100.0
2048,49,100.0
4096,51,100.0
8192,100,99.2
16384,180,98.6
32768,205,98.4
65536,218,98.3
4,26,100.0
8,26,100.0
16,26,100.0
32,26,100.0
64,26,100.0
128,28,100.0
256,34,100.0
512,45,100.0
1024,50,100.0
2048,50,100.0
4096,51,100.0
8192,93,99.3
16384,180,98.7
32768,205,98.6
65536,218,98.6
4,27,100.0
8,27,100.0
16,27,100.0
32,27,100.0
64,27,100.0
128,27,100.0
256,35,100.0
512,44,100.0
1024,47,100.0
2048,48,100.0
4096,50,99.9
8192,93,85.6
16384,180,58.7
32768,205,44.3
65536,218,30.2
4,26,100.0
8,26,100.0
16,26,100.0
32,26,100.0
64,28,100.0
128,27,100.0
256,32,100.0
512,45,100.0
1024,49,100.0
2048,48,100.0
4096,50,100.0
8192,93,99.3
16384,181,98.6
32768,205,98.4
65536,217,98.3
4,26,100.0
8,26,100.0
16,28,100.0
32,28,100.0
64,28,100.0
128,31,100.0
256,36,100.0
512,45,100.0
1024,49,100.0
2048,48,100.0
4096,49,99.9
8192,100,73.6
16384,183,23.6
32768,208,9.4
65536,221,4.0
4,26,100.0
8,26,100.0
16,26,100.0
32,26,100.0
64,26,100.0
128,26,100.0
256,33,100.0
512,44,100.0
1024,48,100.0
2048,47,100.0
4096,49,99.7
8192,95,80.4
16384,183,39.1
32768,206,21.2
65536,218,11.6
4,26,100.0
8,26,100.0
16,26,100.0
32,26,100.0
64,29,100.0
128,29,100.0
256,35,100.0
512,43,100.0
1024,47,100.0
2048,48,100.0
4096,51,99.2
8192,92,77.1
16384,184,20.8
32768,208,8.2
65536,221,3.4
4,28,100.0
8,28,100.0
16,28,100.0
32,28,100.0
64,28,100.0
128,30,100.0
256,36,100.0
512,45,100.0
1024,46,100.0
2048,48,100.0
4096,49,100.0
8192,93,98.7
16384,180,96.0
32768,204,90.3
65536,218,80.3
4,27,100.0
8,27,100.0
16,27,100.0
32,27,100.0
64,27,100.0
128,27,100.0
256,33,100.0
512,43,100.0
1024,47,100.0
2048,48,100.0
4096,49,100.0
8192,95,98.6
16384,182,96.0
32768,205,90.2
65536,219,79.7
4,26,100.0
8,26,100.0
16,26,100.0
32,26,100.0
64,26,100.0
128,27,100.0
256,33,100.0
512,44,100.0
1024,47,100.0
2048,49,100.0
4096,49,99.9
8192,90,86.0
16384,181,53.6
32768,205,38.2
65536,218,26.3
4,28,100.0
8,28,100.0
16,28,100.0
32,28,100.0
64,28,100.0
128,29,100.0
256,34,100.0
512,45,100.0
1024,47,100.0
2048,48,100.0
4096,49,100.0
8192,87,99.4
16384,181,98.7
32768,205,98.5
65536,218,98.4
4,26,100.0
8,26,100.0
16,26,100.0
32,26,100.0
64,28,100.0
128,29,100.0
256,36,100.0
512,46,100.0
1024,50,100.0
2048,49,100.0
4096,51,100.0
8192,97,98.7
16384,182,95.8
32768,205,92.2
65536,218,83.3
4,26,100.0
8,26,100.0
16,26,100.0
32,26,100.0
64,26,100.0
128,29,100.0
256,35,100.0
512,46,100.0
1024,50,100.0
2048,50,100.0
4096,51,99.6
8192,98,88.1
16384,182,63.2
32768,205,48.1
65536,218,34.5
4,27,100.0
8,27,100.0
16,27,100.0
32,27,100.0
64,27,100.0
128,28,100.0
256,33,100.0
512,44,100.0
1024,48,100.0
2048,49,100.0
4096,49,99.9
8192,98,74.3
16384,181,23.3
32768,205,9.8
65536,218,4.1
4,26,100.0
8,28,100.0
16,28,100.0
32,28,100.0
64,28,100.0
128,28,100.0
256,37,100.0
512,46,100.0
1024,50,100.0
2048,50,100.0
4096,52,99.9
8192,95,98.7
16384,182,95.2
32768,206,88.8
65536,217,78.6
4,26,100.0
8,26,100.0
16,26,100.0
32,27,100.0
64,26,100.0
128,29,100.0
256,35,100.0
512,44,100.0
1024,48,100.0
2048,49,100.0
4096,49,100.0
8192,94,99.1
16384,181,98.0
32768,205,96.6
65536,218,93.3
4,26,100.0
8,26,100.0
16,26,100.0
32,26,100.0
64,27,100.0
128,28,100.0
256,32,100.0
512,43,100.0
1024,47,100.0
2048,47,100.0
4096,48,100.0
8192,90,80.2
16384,184,29.3
32768,206,13.4
65536,218,6.2
4,26,100.0
8,26,100.0
16,26,100.0
32,26,100.0
64,26,100.0
128,26,100.0
256,34,100.0
512,44,100.0
1024,48,100.0
2048,47,100.0
4096,50,100.0
8192,95,98.6
16384,182,96.0
32768,206,90.9
65536,218,81.5
4,26,100.0
8,26,100.0
16,26,100.0
32,26,100.0
64,26,100.0
128,29,100.0
256,32,100.0
512,43,100.0
1024,47,100.0
2048,47,100.0
4096,49,99.2
8192,96,74.8
16384,182,23.3
32768,207,9.1
65536,218,4.1
4,26,100.0
8,26,100.0
16,26,100.0
32,26,100.0
64,28,100.0
128,28,100.0
256,34,100.0
512,44,100.0
1024,48,100.0
2048,47,100.0
4096,49,100.0
8192,91,95.3
16384,182,75.2
32768,207,57.2
65536,219,41.3
4,26,100.0
8,26,100.0
16,26,100.0
32,26,100.0
64,27,100.0
128,27,100.0
256,33,100.0
512,43,100.0
1024,48,100.0
2048,48,100.0
4096,49,100.0
8192,87,87.1
16384,182,53.4
32768,209,35.3
65536,218,26.2
4,26,100.0
8,26,100.0
16,34,99.9
32,26,100.0
64,28,100.0
128,26,100.0
256,36,100.0
512,45,100.0
1024,49,100.0
2048,48,100.0
4096,50,100.0
8192,95,94.4
16384,185,70.7
32768,209,53.9
65536,222,38.9
4,26,100.0
8,26,100.0
16,26,100.0
32,26,100.0
64,26,100.0
128,26,100.0
256,33,100.0
512,44,100.0
1024,48,100.0
2048,48,100.0
4096,49,100.0
8192,90,82.8
16384,185,40.7
32768,208,23.3
65536,221,12.9
4,27,100.0
8,27,100.0
16,27,100.0
32,27,100.0
64,27,100.0
128,28,100.0
256,34,100.0
512,43,100.0
1024,47,100.0
2048,48,100.0
4096,49,100.0
8192,94,99.4
16384,184,98.9
32768,208,98.8
65536,221,98.8
4,27,100.0
8,27,100.0
16,27,100.0
32,27,100.0
64,29,100.0
128,28,100.0
256,33,100.0
512,43,100.0
1024,47,100.0
2048,47,100.0
4096,49,99.7
8192,100,74.5
16384,181,27.4
32768,206,11.6
65536,218,5.0
4,27,100.0
8,27,100.0
16,27,100.0
32,27,100.0
64,27,100.0
128,27,100.0
256,32,100.0
512,43,100.0
1024,45,100.0
2048,47,100.0
4096,49,99.9
8192,91,81.1
16384,182,32.3
32768,206,15.0
65536,218,7.1
4,26,100.0
8,26,100.0
16,26,100.0
32,26,100.0
64,28,100.0
128,29,100.0
256,38,100.0
512,45,100.0
1024,50,100.0
2048,50,100.0
4096,51,100.0
8192,92,98.9
16384,180,97.0
32768,206,92.8
65536,218,88.1
4,27,100.0
8,27,100.0
16,27,100.0
32,27,100.0
64,27,100.0
128,27,100.0
256,32,100.0
512,44,100.0
1024,46,100.0
2048,48,100.0
4096,50,99.9
8192,94,78.1
16384,185,27.2
32768,208,11.9
65536,221,5.3
4,26,100.0
8,26,100.0
16,59,99.9
32,26,100.0
64,28,100.0
128,28,100.0
256,33,100.0
512,46,100.0
1024,50,100.0
2048,49,100.0
4096,53,98.6
8192,98,74.4
16384,186,20.8
32768,209,8.3
65536,223,3.2
4,26,100.0
8,26,100.0
16,26,100.0
32,26,100.0
64,26,100.0
128,30,100.0
256,35,100.0
512,45,100.0
1024,49,100.0
2048,50,100.0
4096,51,99.5
8192,93,91.3
16384,185,66.6
32768,210,50.1
65536,222,36.3
4,26,100.0
8,26,100.0
16,26,100.0
32,26,100.0
64,26,100.0
128,27,100.0
256,33,100.0
512,45,100.0
1024,48,100.0
2048,49,100.0
4096,51,99.4
8192,96,75.4
16384,186,20.9
32768,210,7.8
65536,223,3.3
4,26,100.0
8,26,100.0
16,26,100.0
32,26,100.0
64,27,100.0
128,31,100.0
256,34,100.0
512,44,100.0
1024,48,100.0
2048,49,100.0
4096,51,100.0
8192,96,98.8
16384,181,96.5
32768,206,92.8
65536,218,85.8
4,26,100.0
8,26,100.0
16,26,100.0
32,27,100.0
64,27,100.0
128,27,100.0
256,34,100.0
512,44,100.0
1024,48,100.0
2048,49,100.0
4096,51,100.0
8192,103,99.2
16384,180,98.6
32768,204,98.3
65536,218,97.9
