4,8,16,32,64,128,256,512,1024,2048,4096,8192,16384,32768,65536
28,28,28,28,28,29,35,46,47,49,50,99,184,210,223
100.0,100.0,100.0,100.0,100.0,100.0,100.0,100.0,100.0,100.0,100.0,98.2,94.7,85.4,69.5
26,26,26,26,26,26,32,42,49,50,50,95,181,205,218
100.0,100.0,100.0,100.0,100.0,100.0,100.0,100.0,100.0,100.0,99.8,74.6,20.7,7.9,3.2
26,28,28,28,28,28,35,45,49,48,49,92,181,205,217
100.0,100.0,100.0,100.0,100.0,100.0,100.0,100.0,100.0,100.0,99.9,76.0,21.1,7.9,3.3
27,27,27,27,27,28,33,43,45,48,49,90,182,206,219
100.0,100.0,100.0,100.0,100.0,100.0,100.0,100.0,100.0,100.0,99.7,77.3,20.8,8.1,3.3
27,27,27,27,27,27,33,44,47,50,51,94,180,206,218
100.0,100.0,100.0,100.0,100.0,100.0,100.0,100.0,100.0,100.0,99.4,75.8,21.5,7.9,3.2
26,26,26,26,26,26,33,44,48,47,49,95,182,207,220
100.0,100.0,100.0,100.0,100.0,100.0,100.0,100.0,100.0,100.0,99.5,74.1,20.9,7.7,3.1
26,28,28,28,28,28,34,45,49,48,49,89,182,206,218
100.0,100.0,100.0,100.0,100.0,100.0,100.0,100.0,100.0,100.0,99.8,78.9,20.8,7.7,3.3
27,27,27,27,27,27,32,43,46,48,49,92,184,209,222
100.0,100.0,100.0,100.0,100.0,100.0,100.0,100.0,100.0,100.0,99.9,77.0,21.0,7.7,3.1
26,26,26,27,27,28,32,43,48,48,49,101,185,210,222
100.0,100.0,100.0,100.0,100.0,100.0,100.0,100.0,100.0,100.0,100.0,71.1,21.1,7.9,3.1
26,26,26,26,26,33,39,43,47,48,50,93,181,205,218
100.0,100.0,100.0,100.0,100.0,100.0,100.0,100.0,100.0,100.0,99.6,76.2,20.8,7.9,3.2
27,27,27,27,27,27,34,44,46,49,51,95,185,209,222
100.0,100.0,100.0,100.0,100.0,100.0,100.0,100.0,100.0,100.0,99.3,75.0,20.8,7.6,3.2
26,26,26,26,26,27,36,43,47,48,50,97,183,205,218
100.0,100.0,100.0,100.0,100.0,100.0,100.0,100.0,100.0,100.0,99.5,73.6,20.5,8.1,3.2
27,27,27,27,27,27,33,43,45,49,48,91,182,207,219
100.0,100.0,100.0,100.0,100.0,100.0,100.0,100.0,100.0,100.0,100.0,76.5,20.8,7.8,3.3
27,27,27,27,27,27,34,44,48,50,51,97,185,210,224
100.0,100.0,100.0,100.0,100.0,100.0,100.0,100.0,100.0,100.0,99.4,74.7,20.7,8.2,3.2
27,27,27,27,27,29,33,42,46,47,49,97,182,207,219
100.0,100.0,100.0,100.0,100.0,100.0,100.0,100.0,100.0,100.0,99.5,73.3,20.9,7.8,3.3
26,26,26,26,26,26,33,43,47,48,49,93,182,207,219
100.0,100.0,100.0,100.0,100.0,100.0,100.0,100.0,100.0,100.0,100.0,75.3,21.0,7.3,3.2
26,26,26,43,26,27,36,45,50,50,51,98,185,210,223
100.0,100.0,100.0,100.0,100.0,100.0,100.0,100.0,100.0,100.0,99.5,74.0,21.6,8.1,3.2
26,26,26,26,26,30,34,44,48,49,51,93,186,211,223
100.0,100.0,100.0,100.0,100.0,100.0,100.0,100.0,100.0,100.0,99.9,77.2,20.5,7.7,3.4
26,26,26,26,26,26,34,45,50,50,51,96,182,205,218
100.0,100.0,100.0,100.0,100.0,100.0,100.0,100.0,100.0,100.0,99.8,74.5,21.2,7.8,3.3
26,27,27,27,27,27,33,43,47,47,48,89,182,206,218
100.0,100.0,100.0,100.0,100.0,100.0,100.0,100.0,100.0,100.0,100.0,77.9,21.1,8.1,3.3
26,26,26,26,28,28,36,45,49,49,51,98,182,205,217
100.0,100.0,100.0,100.0,100.0,100.0,100.0,100.0,100.0,100.0,99.6,72.4,20.6,7.9,3.3
26,28,28,28,28,28,33,45,49,48,49,94,182,205,218
100.0,100.0,100.0,100.0,100.0,100.0,100.0,100.0,100.0,100.0,100.0,75.4,20.6,8.0,3.2
26,26,26,26,26,26,32,46,50,49,50,92,186,210,222
100.0,100.0,100.0,100.0,100.0,100.0,100.0,100.0,100.0,100.0,100.0,77.7,20.5,7.7,3.2
27,27,27,27,27,27,36,44,47,48,49,91,185,209,221
100.0,100.0,100.0,100.0,100.0,100.0,100.0,100.0,100.0,100.0,99.9,77.4,21.1,7.9,3.3
26,27,27,31,27,27,32,43,46,47,49,96,182,208,218
100.0,100.0,100.0,100.0,100.0,100.0,100.0,100.0,100.0,100.0,99.5,74.0,20.8,7.5,3.2
26,26,26,26,26,27,32,43,47,48,49,91,185,210,222
100.0,100.0,100.0,100.0,100.0,100.0,100.0,100.0,100.0,100.0,99.9,77.6,20.5,7.8,3.4
27,27,27,27,27,28,35,42,45,47,49,119,185,205,219
100.0,100.0,100.0,100.0,100.0,100.0,100.0,100.0,100.0,100.0,99.6,61.0,19.7,8.3,3.1
26,28,28,28,28,28,33,45,50,49,51,87,182,205,218
100.0,100.0,100.0,100.0,100.0,100.0,100.0,100.0,100.0,100.0,99.3,80.2,20.6,7.9,3.2
27,27,27,27,27,27,32,43,47,48,49,85,183,205,218
100.0,100.0,100.0,100.0,100.0,100.0,100.0,100.0,100.0,100.0,100.0,80.9,20.6,8.0,3.3
26,27,26,26,28,28,33,44,48,47,49,87,182,206,219
100.0,100.0,100.0,100.0,100.0,100.0,100.0,100.0,100.0,100.0,100.0,79.2,20.9,7.9,3.2
28,28,28,28,28,28,36,46,47,49,50,92,183,205,218
100.0,100.0,100.0,100.0,100.0,100.0,100.0,100.0,100.0,100.0,99.8,77.1,20.3,7.8,3.3
26,26,26,26,26,26,34,44,48,50,50,89,187,209,223
100.0,100.0,100.0,100.0,100.0,100.0,100.0,100.0,100.0,100.0,99.9,79.6,20.4,8.1,3.0
27,27,27,27,27,27,35,44,46,48,49,94,187,206,218
100.0,100.0,100.0,100.0,100.0,100.0,100.0,100.0,100.0,100.0,99.9,74.9,19.1,8.1,3.1
26,26,26,27,27,28,31,43,48,48,49,94,181,205,220
100.0,100.0,100.0,100.0,100.0,100.0,100.0,100.0,100.0,100.0,100.0,74.8,21.0,8.1,2.9
26,26,26,27,29,28,34,43,48,48,50,97,181,206,218
100.0,100.0,100.0,100.0,100.0,100.0,100.0,100.0,100.0,100.0,99.5,73.4,20.9,8.3,3.3
27,27,27,27,27,27,36,44,49,51,51,96,181,206,219
100.0,100.0,100.0,100.0,100.0,100.0,100.0,100.0,100.0,100.0,99.3,74.6,20.9,7.8,3.2
26,26,26,26,26,26,34,46,50,49,52,98,181,206,218
100.0,100.0,100.0,100.0,100.0,100.0,100.0,100.0,100.0,100.0,99.3,72.9,21.1,7.7,3.2
28,28,28,28,28,28,34,44,45,47,48,94,183,208,219
100.0,100.0,100.0,100.0,100.0,100.0,100.0,100.0,100.0,100.0,99.8,74.8,20.5,7.7,3.3
27,27,27,27,27,27,32,43,47,47,48,95,182,207,219
100.0,100.0,100.0,100.0,100.0,100.0,100.0,100.0,100.0,100.0,100.0,73.9,21.2,8.0,3.2
26,26,26,26,26,28,34,45,50,49,51,93,186,212,224
100.0,100.0,100.0,100.0,100.0,100.0,100.0,100.0,100.0,100.0,99.9,76.9,20.9,7.7,3.2
26,26,26,26,28,31,34,44,48,48,51,90,182,206,218
100.0,100.0,100.0,100.0,100.0,100.0,100.0,100.0,100.0,100.0,98.5,77.1,20.8,8.0,3.2
26,26,26,26,27,27,32,43,47,47,49,94,181,206,219
100.0,100.0,100.0,100.0,100.0,100.0,100.0,100.0,100.0,100.0,99.7,74.8,21.8,7.8,3.1
28,28,28,28,28,28,37,44,47,48,48,88,183,207,218
100.0,100.0,100.0,100.0,100.0,100.0,100.0,100.0,100.0,100.0,99.9,78.1,20.2,7.5,3.3
27,27,27,27,27,27,33,43,47,49,48,88,183,206,220
100.0,100.0,100.0,100.0,100.0,100.0,100.0,100.0,100.0,100.0,99.8,78.2,20.7,8.1,3.1
28,28,28,28,28,32,36,44,45,47,48,87,184,208,220
100.0,100.0,100.0,100.0,100.0,100.0,100.0,100.0,100.0,100.0,100.0,79.2,20.2,7.8,3.1
26,26,26,26,26,34,33,45,49,48,50,87,182,206,218
100.0,100.0,100.0,100.0,100.0,100.0,100.0,100.0,100.0,100.0,99.9,79.6,20.5,7.6,3.3
27,27,27,27,27,27,34,43,47,48,49,93,181,205,218
100.0,100.0,100.0,100.0,100.0,100.0,100.0,100.0,100.0,100.0,100.0,75.9,20.7,7.7,3.2
26,26,26,26,26,28,36,46,50,50,50,90,181,205,218
100.0,100.0,100.0,100.0,100.0,100.0,100.0,100.0,100.0,100.0,99.9,78.1,20.9,7.9,3.3
28,42,28,28,28,28,34,45,47,48,49,100,185,209,221
100.0,99.8,100.0,100.0,100.0,100.0,100.0,100.0,100.0,100.0,100.0,71.7,20.2,7.6,3.3
26,26,26,26,26,27,32,43,47,48,48,86,183,207,219
100.0,100.0,100.0,100.0,100.0,100.0,100.0,100.0,100.0,100.0,100.0,79.9,20.5,7.9,3.2
28,28,28,28,28,29,38,44,47,49,50,102,184,208,222
100.0,100.0,100.0,100.0,100.0,100.0,100.0,100.0,100.0,100.0,100.0,99.4,99.0,98.9,98.8
26,28,28,28,28,29,35,45,49,50,51,98,186,210,222
100.0,100.0,100.0,100.0,100.0,100.0,100.0,100.0,100.0,100.0,100.0,98.8,96.2,91.8,86.3
27,27,27,27,27,27,32,43,47,48,49,98,183,207,219
100.0,100.0,100.0,100.0,100.0,100.0,100.0,100.0,100.0,100.0,99.7,75.3,26.6,11.5,5.2
27,26,26,26,26,26,34,45,49,48,53,89,181,205,217
100.0,100.0,100.0,100.0,100.0,100.0,100.0,100.0,100.0,100.0,99.9,98.8,96.0,91.3,81.2
26,26,33,26,27,27,34,44,48,47,49,90,182,206,219
100.0,100.0,99.9,100.0,100.0,100.0,100.0,100.0,100.0,100.0,100.0,99.3,98.5,98.2,97.3
26,26,26,26,26,26,35,44,48,48,48,96,182,206,218
100.0,100.0,100.0,100.0,100.0,100.0,100.0,100.0,100.0,100.0,100.0,77.3,28.5,12.8,5.9
26,26,26,26,26,26,33,45,50,50,50,100,184,210,223
100.0,100.0,100.0,100.0,100.0,100.0,100.0,100.0,100.0,100.0,99.9,72.9,21.7,7.9,3.4
26,28,28,31,28,31,36,45,49,50,50,98,184,209,221
100.0,100.0,100.0,100.0,100.0,100.0,100.0,100.0,100.0,100.0,99.7,73.0,21.0,8.0,3.3
26,26,26,26,26,27,34,44,49,49,52,96,181,205,218
100.0,100.0,100.0,100.0,100.0,100.0,100.0,100.0,100.0,100.0,100.0,96.5,83.4,70.6,52.1
27,27,27,27,27,28,35,43,48,50,50,94,185,209,221
100.0,100.0,100.0,100.0,100.0,100.0,100.0,100.0,100.0,100.0,99.8,76.1,22.0,8.4,3.6
27,27,27,30,27,29,32,43,47,47,49,96,183,206,219
100.0,100.0,100.0,100.0,100.0,100.0,100.0,100.0,100.0,100.0,99.6,79.3,35.1,17.6,8.5
26,26,26,26,26,29,33,44,48,47,49,100,182,206,219
100.0,100.0,100.0,100.0,100.0,100.0,100.0,100.0,100.0,100.0,99.5,76.4,32.3,15.2,7.0
26,26,26,28,28,32,35,45,49,50,49,89,184,208,222
100.0,100.0,100.0,100.0,100.0,100.0,100.0,100.0,100.0,100.0,100.0,98.7,94.4,85.9,71.6
26,26,26,26,26,32,35,43,48,48,50,98,182,207,219
100.0,100.0,100.0,100.0,100.0,100.0,100.0,100.0,100.0,100.0,99.6,91.8,69.6,53.7,37.7
28,28,28,28,28,28,36,45,49,49,51,100,181,204,218
100.0,100.0,100.0,100.0,100.0,100.0,100.0,100.0,100.0,100.0,100.0,99.0,97.4,95.3,90.9
27,27,27,27,27,27,32,43,45,47,50,92,183,206,219
100.0,100.0,100.0,100.0,100.0,100.0,100.0,100.0,100.0,100.0,99.2,82.4,46.9,32.0,21.2
28,28,28,28,28,28,35,44,45,47,49,94,182,206,219
100.0,100.0,100.0,100.0,100.0,100.0,100.0,100.0,100.0,100.0,99.7,75.7,23.2,9.3,3.9
27,27,27,27,27,27,36,44,48,49,51,100,180,205,218
100.0,100.0,100.0,100.0,100.0,100.0,100.0,100.0,100.0,100.0,100.0,99.2,98.6,98.4,98.3
26,26,26,26,26,28,34,45,50,50,51,93,180,205,218
100.0,100.0,100.0,100.0,100.0,100.0,100.0,100.0,100.0,100.0,100.0,99.3,98.7,98.6,98.6
27,27,27,27,27,27,35,44,47,48,50,93,180,205,218
100.0,100.0,100.0,100.0,100.0,100.0,100.0,100.0,100.0,100.0,99.9,85.6,58.7,44.3,30.2
26,26,26,26,28,27,32,45,49,48,50,93,181,205,217
100.0,100.0,100.0,100.0,100.0,100.0,100.0,100.0,100.0,100.0,100.0,99.3,98.6,98.4,98.3
26,26,28,28,28,31,36,45,49,48,49,100,183,208,221
100.0,100.0,100.0,100.0,100.0,100.0,100.0,100.0,100.0,100.0,99.9,73.6,23.6,9.4,4.0
26,26,26,26,26,26,33,44,48,47,49,95,183,206,218
100.0,100.0,100.0,100.0,100.0,100.0,100.0,100.0,100.0,100.0,99.7,80.4,39.1,21.2,11.6
26,26,26,26,29,29,35,43,47,48,51,92,184,208,221
100.0,100.0,100.0,100.0,100.0,100.0,100.0,100.0,100.0,100.0,99.2,77.1,20.8,8.2,3.4
28,28,28,28,28,30,36,45,46,48,49,93,180,204,218
100.0,100.0,100.0,100.0,100.0,100.0,100.0,100.0,100.0,100.0,100.0,98.7,96.0,90.3,80.3
27,27,27,27,27,27,33,43,47,48,49,95,182,205,219
100.0,100.0,100.0,100.0,100.0,100.0,100.0,100.0,100.0,100.0,100.0,98.6,96.0,90.2,79.7
26,26,26,26,26,27,33,44,47,49,49,90,181,205,218
100.0,100.0,100.0,100.0,100.0,100.0,100.0,100.0,100.0,100.0,99.9,86.0,53.6,38.2,26.3
28,28,28,28,28,29,34,45,47,48,49,87,181,205,218
100.0,100.0,100.0,100.0,100.0,100.0,100.0,100.0,100.0,100.0,100.0,99.4,98.7,98.5,98.4
26,26,26,26,28,29,36,46,50,49,51,97,182,205,218
100.0,100.0,100.0,100.0,100.0,100.0,100.0,100.0,100.0,100.0,100.0,98.7,95.8,92.2,83.3
26,26,26,26,26,29,35,46,50,50,51,98,182,205,218
100.0,100.0,100.0,100.0,100.0,100.0,100.0,100.0,100.0,100.0,99.6,88.1,63.2,48.1,34.5
27,27,27,27,27,28,33,44,48,49,49,98,181,205,218
100.0,100.0,100.0,100.0,100.0,100.0,100.0,100.0,100.0,100.0,99.9,74.3,23.3,9.8,4.1
26,28,28,28,28,28,37,46,50,50,52,95,182,206,217
100.0,100.0,100.0,100.0,100.0,100.0,100.0,100.0,100.0,100.0,99.9,98.7,95.2,88.8,78.6
26,26,26,27,26,29,35,44,48,49,49,94,181,205,218
100.0,100.0,100.0,100.0,100.0,100.0,100.0,100.0,100.0,100.0,100.0,99.1,98.0,96.6,93.3
26,26,26,26,27,28,32,43,47,47,48,90,184,206,218
100.0,100.0,100.0,100.0,100.0,100.0,100.0,100.0,100.0,100.0,100.0,80.2,29.3,13.4,6.2
26,26,26,26,26,26,34,44,48,47,50,95,182,206,218
100.0,100.0,100.0,100.0,100.0,100.0,100.0,100.0,100.0,100.0,100.0,98.6,96.0,90.9,81.5
26,26,26,26,26,29,32,43,47,47,49,96,182,207,218
100.0,100.0,100.0,100.0,100.0,100.0,100.0,100.0,100.0,100.0,99.2,74.8,23.3,9.1,4.1
26,26,26,26,28,28,34,44,48,47,49,91,182,207,219
100.0,100.0,100.0,100.0,100.0,100.0,100.0,100.0,100.0,100.0,100.0,95.3,75.2,57.2,41.3
26,26,26,26,27,27,33,43,48,48,49,87,182,209,218
100.0,100.0,100.0,100.0,100.0,100.0,100.0,100.0,100.0,100.0,100.0,87.1,53.4,35.3,26.2
26,26,34,26,28,26,36,45,49,48,50,95,185,209,222
100.0,100.0,99.9,100.0,100.0,100.0,100.0,100.0,100.0,100.0,100.0,94.4,70.7,53.9,38.9
26,26,26,26,26,26,33,44,48,48,49,90,185,208,221
100.0,100.0,100.0,100.0,100.0,100.0,100.0,100.0,100.0,100.0,100.0,82.8,40.7,23.3,12.9
27,27,27,27,27,28,34,43,47,48,49,94,184,208,221
100.0,100.0,100.0,100.0,100.0,100.0,100.0,100.0,100.0,100.0,100.0,99.4,98.9,98.8,98.8
27,27,27,27,29,28,33,43,47,47,49,100,181,206,218
100.0,100.0,100.0,100.0,100.0,100.0,100.0,100.0,100.0,100.0,99.7,74.5,27.4,11.6,5.0
27,27,27,27,27,27,32,43,45,47,49,91,182,206,218
100.0,100.0,100.0,100.0,100.0,100.0,100.0,100.0,100.0,100.0,99.9,81.1,32.3,15.0,7.1
26,26,26,26,28,29,38,45,50,50,51,92,180,206,218
100.0,100.0,100.0,100.0,100.0,100.0,100.0,100.0,100.0,100.0,100.0,98.9,97.0,92.8,88.1
27,27,27,27,27,27,32,44,46,48,50,94,185,208,221
100.0,100.0,100.0,100.0,100.0,100.0,100.0,100.0,100.0,100.0,99.9,78.1,27.2,11.9,5.3
26,26,59,26,28,28,33,46,50,49,53,98,186,209,223
100.0,100.0,99.9,100.0,100.0,100.0,100.0,100.0,100.0,100.0,98.6,74.4,20.8,8.3,3.2
26,26,26,26,26,30,35,45,49,50,51,93,185,210,222
100.0,100.0,100.0,100.0,100.0,100.0,100.0,100.0,100.0,100.0,99.5,91.3,66.6,50.1,36.3
26,26,26,26,26,27,33,45,48,49,51,96,186,210,223
100.0,100.0,100.0,100.0,100.0,100.0,100.0,100.0,100.0,100.0,99.4,75.4,20.9,7.8,3.3
26,26,26,26,27,31,34,44,48,49,51,96,181,206,218
100.0,100.0,100.0,100.0,100.0,100.0,100.0,100.0,100.0,100.0,100.0,98.8,96.5,92.8,85.8
26,26,26,27,27,27,34,44,48,49,51,103,180,204,218
100.0,100.0,100.0,100.0,100.0,100.0,100.0,100.0,100.0,100.0,100.0,99.2,98.6,98.3,97.9
